<?xml version="1.0" encoding="UTF-8"?>
<metadata xml:lang="en"><Esri><CreaDate>20140414</CreaDate><CreaTime>16211700</CreaTime><ArcGISFormat>1.0</ArcGISFormat><SyncOnce>TRUE</SyncOnce><DataProperties><itemProps><itemLocation><linkage Sync="TRUE">file://\\MININT-R4GHLMP\Users\Petr\Desktop\Uncertainty\GIS_data\CZE_adm0</linkage><protocol Sync="TRUE">Local Area Network</protocol></itemLocation></itemProps><copyHistory><copy source="C:\Users\Petr\Desktop\Uncertainty\CZE_adm0" dest="\\MININT-R4GHLMP\Users\Petr\Desktop\Uncertainty\GIS_data\CZE_adm0" date="20140414" time="16573400"></copy></copyHistory></DataProperties></Esri></metadata>
