<PAMDataset>
  <PAMRasterBand band="1">
    <Description>country</Description>
    <CategoryNames>
      <Category>AG</Category>
      <Category>AI</Category>
      <Category>AR</Category>
      <Category>AW</Category>
      <Category>BB</Category>
      <Category>BL</Category>
      <Category>BM</Category>
      <Category>BO</Category>
      <Category>BR</Category>
      <Category>BS</Category>
      <Category>BZ</Category>
      <Category>CL</Category>
      <Category>CO</Category>
      <Category>CR</Category>
      <Category>CU</Category>
      <Category>CW</Category>
      <Category>DM</Category>
      <Category>DO</Category>
      <Category>EC</Category>
      <Category>FK</Category>
      <Category>GD</Category>
      <Category>GF</Category>
      <Category>GS</Category>
      <Category>GT</Category>
      <Category>GY</Category>
      <Category>HN</Category>
      <Category>HT</Category>
      <Category>JM</Category>
      <Category>KN</Category>
      <Category>KY</Category>
      <Category>LC</Category>
      <Category>MF</Category>
      <Category>MS</Category>
      <Category>MX</Category>
      <Category>NA</Category>
      <Category>NI</Category>
      <Category>NL</Category>
      <Category>PA</Category>
      <Category>PE</Category>
      <Category>PR</Category>
      <Category>PY</Category>
      <Category>SR</Category>
      <Category>SV</Category>
      <Category>SX</Category>
      <Category>TC</Category>
      <Category>TT</Category>
      <Category>UM</Category>
      <Category>US</Category>
      <Category>UY</Category>
      <Category>VC</Category>
      <Category>VE</Category>
      <Category>VG</Category>
      <Category>VI</Category>
      <Category></Category>
      <Category></Category>
      <Category></Category>
      <Category></Category>
      <Category></Category>
      <Category></Category>
      <Category></Category>
      <Category></Category>
      <Category></Category>
      <Category></Category>
      <Category></Category>
      <Category></Category>
      <Category></Category>
      <Category></Category>
      <Category></Category>
      <Category></Category>
      <Category></Category>
      <Category></Category>
      <Category></Category>
      <Category></Category>
      <Category></Category>
      <Category></Category>
      <Category></Category>
      <Category></Category>
      <Category></Category>
      <Category></Category>
      <Category></Category>
      <Category></Category>
      <Category></Category>
      <Category></Category>
      <Category></Category>
      <Category></Category>
      <Category></Category>
      <Category></Category>
      <Category></Category>
      <Category></Category>
      <Category></Category>
      <Category></Category>
      <Category></Category>
      <Category></Category>
      <Category></Category>
      <Category></Category>
      <Category></Category>
      <Category></Category>
      <Category></Category>
      <Category></Category>
      <Category></Category>
      <Category></Category>
      <Category></Category>
      <Category></Category>
      <Category></Category>
      <Category></Category>
      <Category></Category>
      <Category></Category>
      <Category></Category>
      <Category></Category>
      <Category></Category>
      <Category></Category>
      <Category></Category>
      <Category></Category>
      <Category></Category>
      <Category></Category>
      <Category></Category>
      <Category></Category>
      <Category></Category>
      <Category></Category>
      <Category></Category>
      <Category></Category>
      <Category></Category>
      <Category></Category>
      <Category></Category>
      <Category></Category>
      <Category></Category>
      <Category></Category>
      <Category></Category>
      <Category></Category>
      <Category></Category>
      <Category></Category>
      <Category></Category>
      <Category></Category>
      <Category></Category>
      <Category></Category>
      <Category></Category>
      <Category></Category>
      <Category></Category>
      <Category></Category>
      <Category></Category>
      <Category></Category>
      <Category></Category>
      <Category></Category>
      <Category></Category>
      <Category></Category>
      <Category></Category>
      <Category></Category>
      <Category></Category>
      <Category></Category>
      <Category></Category>
      <Category></Category>
      <Category></Category>
      <Category></Category>
      <Category></Category>
      <Category></Category>
      <Category></Category>
      <Category></Category>
      <Category></Category>
      <Category></Category>
      <Category></Category>
      <Category></Category>
      <Category></Category>
      <Category></Category>
      <Category></Category>
      <Category></Category>
      <Category></Category>
      <Category></Category>
      <Category></Category>
      <Category></Category>
      <Category></Category>
      <Category></Category>
      <Category></Category>
      <Category></Category>
      <Category></Category>
      <Category></Category>
      <Category></Category>
      <Category></Category>
      <Category></Category>
      <Category></Category>
      <Category></Category>
      <Category></Category>
      <Category></Category>
      <Category></Category>
      <Category></Category>
      <Category></Category>
      <Category></Category>
      <Category></Category>
      <Category></Category>
      <Category></Category>
      <Category></Category>
      <Category></Category>
      <Category></Category>
      <Category></Category>
      <Category></Category>
      <Category></Category>
      <Category></Category>
      <Category></Category>
      <Category></Category>
      <Category></Category>
      <Category></Category>
      <Category></Category>
      <Category></Category>
      <Category></Category>
      <Category></Category>
      <Category></Category>
      <Category></Category>
      <Category></Category>
      <Category></Category>
      <Category></Category>
      <Category></Category>
      <Category></Category>
      <Category></Category>
      <Category></Category>
      <Category></Category>
      <Category></Category>
      <Category></Category>
      <Category></Category>
      <Category></Category>
      <Category></Category>
      <Category></Category>
      <Category></Category>
      <Category></Category>
      <Category></Category>
      <Category></Category>
      <Category></Category>
      <Category></Category>
      <Category></Category>
      <Category></Category>
      <Category></Category>
      <Category></Category>
      <Category></Category>
      <Category></Category>
      <Category></Category>
      <Category></Category>
      <Category></Category>
      <Category></Category>
      <Category></Category>
      <Category></Category>
      <Category></Category>
      <Category></Category>
      <Category></Category>
      <Category></Category>
      <Category></Category>
      <Category></Category>
      <Category></Category>
      <Category></Category>
      <Category></Category>
      <Category></Category>
      <Category></Category>
      <Category></Category>
      <Category></Category>
      <Category></Category>
      <Category></Category>
      <Category></Category>
      <Category></Category>
      <Category></Category>
    </CategoryNames>
  </PAMRasterBand>
</PAMDataset>
